[
  {
    "type": "SET_MODEL_ID",
    "input": {
      "id": ""
    },
    "index": 0,
    "timestamp": "2023-09-27T12:38:49.461Z",
    "hash": "t+yLyzWlZIZwnFP60EAa4astA7E="
  },
  {
    "type": "SET_MODEL_ID",
    "input": {
      "id": ""
    },
    "index": 1,
    "timestamp": "2023-09-27T12:38:49.461Z",
    "hash": "t+yLyzWlZIZwnFP60EAa4astA7E="
  },
  {
    "type": "SET_STATE_SCHEMA",
    "input": {
      "schema": "type Address {\n    label: String!\n    address: String!\n}\n\ntype AddressBookState {\n\taddresses: [Address!]!\n}"
    },
    "index": 2,
    "timestamp": "2023-09-27T12:38:54.840Z",
    "hash": "fqK7N1xiPU9YRSBrQJdSXIrxvpY="
  },
  {
    "type": "SET_INITIAL_STATE",
    "input": {
      "initialValue": "{\"addresses\":[{\"label\":\"Oracle Core Unit Multisig\",\"address\":\"0x2d09b7b95f3f312ba6ddfb77ba6971786c5b50cf\"}]}"
    },
    "index": 3,
    "timestamp": "2023-09-27T12:39:10.690Z",
    "hash": "dnJ7TE0kdqpsBEGIj7eGG5hfrCM="
  },
  {
    "type": "SET_INITIAL_STATE",
    "input": {
      "initialValue": "{\"addresses\":[{\"label\":\"Oracle Core Unit Multisig\",\"address\":\"0x2d09b7b95f3f312ba6ddfb77ba6971786c5b50cf\"}]}"
    },
    "index": 4,
    "timestamp": "2023-09-27T12:39:14.953Z",
    "hash": "dnJ7TE0kdqpsBEGIj7eGG5hfrCM="
  },
  {
    "type": "SET_MODEL_NAME",
    "input": {
      "name": "AddressBook"
    },
    "index": 5,
    "timestamp": "2023-09-27T12:39:16.059Z",
    "hash": "BgVy9T9MTQumo414C42SrsC23jQ="
  },
  {
    "type": "SET_MODEL_ID",
    "input": {
      "id": "powerhouse/address-book"
    },
    "index": 6,
    "timestamp": "2023-09-27T12:39:20.091Z",
    "hash": "gksgYIbfoCThGbwVYCHBPNoOh3I="
  },
  {
    "type": "SET_MODEL_EXTENSION",
    "input": {
      "extension": "phab"
    },
    "index": 7,
    "timestamp": "2023-09-27T12:39:23.283Z",
    "hash": "24Y0KpdoNx3DcHmeI0T1t4bvDHU="
  },
  {
    "type": "SET_AUTHOR_NAME",
    "input": {
      "authorName": "Powerhouse"
    },
    "index": 8,
    "timestamp": "2023-09-27T12:39:26.558Z",
    "hash": "gPQ+PAZBlaiOWW5LdqaRR9607o4="
  },
  {
    "type": "SET_AUTHOR_WEBSITE",
    "input": {
      "authorWebsite": "https://powerhouse.inc"
    },
    "index": 9,
    "timestamp": "2023-09-27T12:39:32.804Z",
    "hash": "gya+JG0kF/wlzKZCPehzc+p7pqM="
  },
  {
    "type": "SET_INITIAL_STATE",
    "input": {
      "initialValue": "{\"addresses\":[{\"label\":\"Oracle Core Unit Multisig\",\"address\":\"0x2d09b7b95f3f312ba6ddfb77ba6971786c5b50cf\"}]}"
    },
    "index": 10,
    "timestamp": "2023-09-27T12:39:44.756Z",
    "hash": "gya+JG0kF/wlzKZCPehzc+p7pqM="
  },
  {
    "type": "SET_INITIAL_STATE",
    "input": {
      "initialValue": "{\"addresses\":[{\"label\":\"Oracle Core Unit Multisig\",\"address\":\"0x2d09b7b95f3f312ba6ddfb77ba6971786c5b50cf\"},{}]}"
    },
    "index": 11,
    "timestamp": "2023-09-27T12:39:44.756Z",
    "hash": "TcamAYMF38lQUfMdRk6bTnKeA8I="
  },
  {
    "type": "SET_INITIAL_STATE",
    "input": {
      "initialValue": "{\"addresses\":[{\"label\":\"Oracle Core Unit Multisig\",\"address\":\"0x2d09b7b95f3f312ba6ddfb77ba6971786c5b50cf\"},{}]}"
    },
    "index": 12,
    "timestamp": "2023-09-27T12:39:44.756Z",
    "hash": "TcamAYMF38lQUfMdRk6bTnKeA8I="
  },
  {
    "type": "SET_INITIAL_STATE",
    "input": {
      "initialValue": "{\"addresses\":[{\"label\":\"Oracle Core Unit Multisig\",\"address\":\"0x2d09b7b95f3f312ba6ddfb77ba6971786c5b50cf\"}]}"
    },
    "index": 13,
    "timestamp": "2023-09-27T12:39:51.089Z",
    "hash": "gya+JG0kF/wlzKZCPehzc+p7pqM="
  },
  {
    "type": "SET_INITIAL_STATE",
    "input": {
      "initialValue": "{\"addresses\":[{\"label\":\"Oracle Core Unit Multisig\",\"address\":\"0x2d09b7b95f3f312ba6ddfb77ba6971786c5b50cf\"},{}]}"
    },
    "index": 14,
    "timestamp": "2023-09-27T12:39:51.090Z",
    "hash": "TcamAYMF38lQUfMdRk6bTnKeA8I="
  },
  {
    "type": "SET_INITIAL_STATE",
    "input": {
      "initialValue": "{\"addresses\":[{\"label\":\"Oracle Core Unit Multisig\",\"address\":\"0x2d09b7b95f3f312ba6ddfb77ba6971786c5b50cf\"},{}]}"
    },
    "index": 15,
    "timestamp": "2023-09-27T12:39:51.090Z",
    "hash": "TcamAYMF38lQUfMdRk6bTnKeA8I="
  },
  {
    "type": "SET_INITIAL_STATE",
    "input": {
      "initialValue": "{\"addresses\":[{\"label\":\"Oracle Core Unit Multisig\",\"address\":\"0x2d09b7b95f3f312ba6ddfb77ba6971786c5b50cf\"},{\"label\":\"\"}]}"
    },
    "index": 16,
    "timestamp": "2023-09-27T12:39:51.090Z",
    "hash": "uzb0Xy/gE/yObiJTPDxYKNxMSgI="
  },
  {
    "type": "SET_INITIAL_STATE",
    "input": {
      "initialValue": "{\"addresses\":[{\"label\":\"Oracle Core Unit Multisig\",\"address\":\"0x2d09b7b95f3f312ba6ddfb77ba6971786c5b50cf\"},{\"label\":\"TechOps Auditor Wallet\"}]}"
    },
    "index": 17,
    "timestamp": "2023-09-27T12:39:51.090Z",
    "hash": "oFgK8KyICmQZKZkEZFowzq3MOPU="
  },
  {
    "type": "SET_INITIAL_STATE",
    "input": {
      "initialValue": "{\"addresses\":[{\"label\":\"Oracle Core Unit Multisig\",\"address\":\"0x2d09b7b95f3f312ba6ddfb77ba6971786c5b50cf\"}]}"
    },
    "index": 18,
    "timestamp": "2023-09-27T12:40:06.547Z",
    "hash": "gya+JG0kF/wlzKZCPehzc+p7pqM="
  },
  {
    "type": "SET_INITIAL_STATE",
    "input": {
      "initialValue": "{\"addresses\":[{\"label\":\"Oracle Core Unit Multisig\",\"address\":\"0x2d09b7b95f3f312ba6ddfb77ba6971786c5b50cf\"},{}]}"
    },
    "index": 19,
    "timestamp": "2023-09-27T12:40:06.547Z",
    "hash": "TcamAYMF38lQUfMdRk6bTnKeA8I="
  },
  {
    "type": "SET_INITIAL_STATE",
    "input": {
      "initialValue": "{\"addresses\":[{\"label\":\"Oracle Core Unit Multisig\",\"address\":\"0x2d09b7b95f3f312ba6ddfb77ba6971786c5b50cf\"},{}]}"
    },
    "index": 20,
    "timestamp": "2023-09-27T12:40:06.547Z",
    "hash": "TcamAYMF38lQUfMdRk6bTnKeA8I="
  },
  {
    "type": "SET_INITIAL_STATE",
    "input": {
      "initialValue": "{\"addresses\":[{\"label\":\"Oracle Core Unit Multisig\",\"address\":\"0x2d09b7b95f3f312ba6ddfb77ba6971786c5b50cf\"},{\"label\":\"\"}]}"
    },
    "index": 21,
    "timestamp": "2023-09-27T12:40:06.547Z",
    "hash": "uzb0Xy/gE/yObiJTPDxYKNxMSgI="
  },
  {
    "type": "SET_INITIAL_STATE",
    "input": {
      "initialValue": "{\"addresses\":[{\"label\":\"Oracle Core Unit Multisig\",\"address\":\"0x2d09b7b95f3f312ba6ddfb77ba6971786c5b50cf\"},{\"label\":\"TechOps Auditor Wallet\"}]}"
    },
    "index": 22,
    "timestamp": "2023-09-27T12:40:06.549Z",
    "hash": "oFgK8KyICmQZKZkEZFowzq3MOPU="
  },
  {
    "type": "SET_INITIAL_STATE",
    "input": {
      "initialValue": "{\"addresses\":[{\"label\":\"Oracle Core Unit Multisig\",\"address\":\"0x2d09b7b95f3f312ba6ddfb77ba6971786c5b50cf\"},{\"label\":\"TechOps Auditor Wallet\",\"address\":\"\"}]}"
    },
    "index": 23,
    "timestamp": "2023-09-27T12:40:06.549Z",
    "hash": "2WwdZpXPEMJzGBGI6RFRZcIBJT4="
  },
  {
    "type": "SET_INITIAL_STATE",
    "input": {
      "initialValue": "{\"addresses\":[{\"label\":\"Oracle Core Unit Multisig\",\"address\":\"0x2d09b7b95f3f312ba6ddfb77ba6971786c5b50cf\"},{\"label\":\"TechOps Auditor Wallet\",\"address\":\"0xb2da57e224949acdde173a5b8a8160c023ea86e6\"}]}"
    },
    "index": 24,
    "timestamp": "2023-09-27T12:40:06.549Z",
    "hash": "E5PYFYMn0Swqd4W42y78v3lR6Os="
  },
  {
    "type": "SET_INITIAL_STATE",
    "input": {
      "initialValue": "{\"addresses\":[{\"label\":\"Oracle Core Unit Multisig\",\"address\":\"0x2d09b7b95f3f312ba6ddfb77ba6971786c5b50cf\"}]}"
    },
    "index": 25,
    "timestamp": "2023-09-27T12:40:26.456Z",
    "hash": "gya+JG0kF/wlzKZCPehzc+p7pqM="
  },
  {
    "type": "SET_INITIAL_STATE",
    "input": {
      "initialValue": "{\"addresses\":[{\"label\":\"Oracle Core Unit Multisig\",\"address\":\"0x2d09b7b95f3f312ba6ddfb77ba6971786c5b50cf\"},{}]}"
    },
    "index": 26,
    "timestamp": "2023-09-27T12:40:26.456Z",
    "hash": "TcamAYMF38lQUfMdRk6bTnKeA8I="
  },
  {
    "type": "SET_INITIAL_STATE",
    "input": {
      "initialValue": "{\"addresses\":[{\"label\":\"Oracle Core Unit Multisig\",\"address\":\"0x2d09b7b95f3f312ba6ddfb77ba6971786c5b50cf\"},{}]}"
    },
    "index": 27,
    "timestamp": "2023-09-27T12:40:26.456Z",
    "hash": "TcamAYMF38lQUfMdRk6bTnKeA8I="
  },
  {
    "type": "SET_INITIAL_STATE",
    "input": {
      "initialValue": "{\"addresses\":[{\"label\":\"Oracle Core Unit Multisig\",\"address\":\"0x2d09b7b95f3f312ba6ddfb77ba6971786c5b50cf\"},{\"label\":\"\"}]}"
    },
    "index": 28,
    "timestamp": "2023-09-27T12:40:26.456Z",
    "hash": "uzb0Xy/gE/yObiJTPDxYKNxMSgI="
  },
  {
    "type": "SET_INITIAL_STATE",
    "input": {
      "initialValue": "{\"addresses\":[{\"label\":\"Oracle Core Unit Multisig\",\"address\":\"0x2d09b7b95f3f312ba6ddfb77ba6971786c5b50cf\"},{\"label\":\"TechOps Auditor Wallet\"}]}"
    },
    "index": 29,
    "timestamp": "2023-09-27T12:40:26.456Z",
    "hash": "oFgK8KyICmQZKZkEZFowzq3MOPU="
  },
  {
    "type": "SET_INITIAL_STATE",
    "input": {
      "initialValue": "{\"addresses\":[{\"label\":\"Oracle Core Unit Multisig\",\"address\":\"0x2d09b7b95f3f312ba6ddfb77ba6971786c5b50cf\"},{\"label\":\"TechOps Auditor Wallet\",\"address\":\"\"}]}"
    },
    "index": 30,
    "timestamp": "2023-09-27T12:40:26.456Z",
    "hash": "2WwdZpXPEMJzGBGI6RFRZcIBJT4="
  },
  {
    "type": "SET_INITIAL_STATE",
    "input": {
      "initialValue": "{\"addresses\":[{\"label\":\"Oracle Core Unit Multisig\",\"address\":\"0x2d09b7b95f3f312ba6ddfb77ba6971786c5b50cf\"},{\"label\":\"TechOps Auditor Wallet\",\"address\":\"0xb2da57e224949acdde173a5b8a8160c023ea86e6\"}]}"
    },
    "index": 31,
    "timestamp": "2023-09-27T12:40:26.457Z",
    "hash": "E5PYFYMn0Swqd4W42y78v3lR6Os="
  },
  {
    "type": "ADD_MODULE",
    "input": {
      "id": "+UtBJrq8nso6LCXEunReB0SgAxE=",
      "name": "address"
    },
    "index": 32,
    "timestamp": "2023-09-27T12:40:51.643Z",
    "hash": "W/OcPI2nD+I1eOQkpd7JByAtoQY="
  },
  {
    "type": "ADD_OPERATION",
    "input": {
      "id": "KPDCLOp0LXAt2PEs4LcUytoWBrs=",
      "moduleId": "+UtBJrq8nso6LCXEunReB0SgAxE=",
      "name": "ADD_ADDRESS"
    },
    "index": 33,
    "timestamp": "2023-09-27T12:40:57.668Z",
    "hash": "0g7aH3z4WwUspQz9nS+TkhbLifU="
  },
  {
    "type": "SET_OPERATION_SCHEMA",
    "input": {
      "id": "KPDCLOp0LXAt2PEs4LcUytoWBrs=",
      "schema": "input AddAddressInput {\n    a\n}"
    },
    "index": 34,
    "timestamp": "2023-09-27T12:41:03.855Z",
    "hash": "LO0+FD4BjgH3nxZXrsIVnpZcsUI="
  },
  {
    "type": "SET_OPERATION_SCHEMA",
    "input": {
      "id": "KPDCLOp0LXAt2PEs4LcUytoWBrs=",
      "schema": "input AddAddressInput {\n    ad\n}"
    },
    "index": 35,
    "timestamp": "2023-09-27T12:41:04.024Z",
    "hash": "3EQWKKxDVkLOu4tQSRo9jDpZ914="
  },
  {
    "type": "SET_OPERATION_SCHEMA",
    "input": {
      "id": "KPDCLOp0LXAt2PEs4LcUytoWBrs=",
      "schema": "input AddAddressInput {\n    add\n}"
    },
    "index": 36,
    "timestamp": "2023-09-27T12:41:04.154Z",
    "hash": "SyYoIDZbdtSsGR//3Mj7gJRF2L4="
  },
  {
    "type": "SET_OPERATION_SCHEMA",
    "input": {
      "id": "KPDCLOp0LXAt2PEs4LcUytoWBrs=",
      "schema": "input AddAddressInput {\n    addr\n}"
    },
    "index": 37,
    "timestamp": "2023-09-27T12:41:04.307Z",
    "hash": "2PQwnJ5Gq4FAeN2RDWH5MZVrtJs="
  },
  {
    "type": "SET_OPERATION_SCHEMA",
    "input": {
      "id": "KPDCLOp0LXAt2PEs4LcUytoWBrs=",
      "schema": "input AddAddressInput {\n    addre\n}"
    },
    "index": 38,
    "timestamp": "2023-09-27T12:41:04.398Z",
    "hash": "wUtRIFH8adP+KwSp9D8S0PyaxG8="
  },
  {
    "type": "SET_OPERATION_SCHEMA",
    "input": {
      "id": "KPDCLOp0LXAt2PEs4LcUytoWBrs=",
      "schema": "input AddAddressInput {\n    addres\n}"
    },
    "index": 39,
    "timestamp": "2023-09-27T12:41:04.579Z",
    "hash": "PaAvXO4CAN5HwOtog6UCx3w5Rnc="
  },
  {
    "type": "SET_OPERATION_SCHEMA",
    "input": {
      "id": "KPDCLOp0LXAt2PEs4LcUytoWBrs=",
      "schema": "input AddAddressInput {\n    address\n}"
    },
    "index": 40,
    "timestamp": "2023-09-27T12:41:04.705Z",
    "hash": "txHGwMiihDqiNdMo6BLj4umK7r4="
  },
  {
    "type": "SET_OPERATION_SCHEMA",
    "input": {
      "id": "KPDCLOp0LXAt2PEs4LcUytoWBrs=",
      "schema": "input AddAddressInput {\n    address:\n}"
    },
    "index": 41,
    "timestamp": "2023-09-27T12:41:05.579Z",
    "hash": "vBn9JKrXb/kVILgZSVXVI3peLmM="
  },
  {
    "type": "SET_OPERATION_SCHEMA",
    "input": {
      "id": "KPDCLOp0LXAt2PEs4LcUytoWBrs=",
      "schema": "input AddAddressInput {\n    address: \n}"
    },
    "index": 42,
    "timestamp": "2023-09-27T12:41:05.657Z",
    "hash": "W2EW9drJxkWS0jAul1rN8jxAJkw="
  },
  {
    "type": "SET_OPERATION_SCHEMA",
    "input": {
      "id": "KPDCLOp0LXAt2PEs4LcUytoWBrs=",
      "schema": "input AddAddressInput {\n    address: A\n}"
    },
    "index": 43,
    "timestamp": "2023-09-27T12:41:05.808Z",
    "hash": "MJ/Gzwwg5+RlTuV6W5qGGY8HGiQ="
  },
  {
    "type": "SET_OPERATION_SCHEMA",
    "input": {
      "id": "KPDCLOp0LXAt2PEs4LcUytoWBrs=",
      "schema": "input AddAddressInput {\n    address: Ad\n}"
    },
    "index": 44,
    "timestamp": "2023-09-27T12:41:06.395Z",
    "hash": "v08Ro09GJ/dC20qkt02ckPtncp8="
  },
  {
    "type": "SET_OPERATION_SCHEMA",
    "input": {
      "id": "KPDCLOp0LXAt2PEs4LcUytoWBrs=",
      "schema": "input AddAddressInput {\n    address: Add\n}"
    },
    "index": 45,
    "timestamp": "2023-09-27T12:41:06.513Z",
    "hash": "01MNxXPcL2EWKVX4NfUkEh8Vygc="
  },
  {
    "type": "SET_OPERATION_SCHEMA",
    "input": {
      "id": "KPDCLOp0LXAt2PEs4LcUytoWBrs=",
      "schema": "input AddAddressInput {\n    address: Addr\n}"
    },
    "index": 46,
    "timestamp": "2023-09-27T12:41:06.789Z",
    "hash": "YM+BKLxLWCaBH85XC6oMraJ/1Js="
  },
  {
    "type": "SET_OPERATION_SCHEMA",
    "input": {
      "id": "KPDCLOp0LXAt2PEs4LcUytoWBrs=",
      "schema": "input AddAddressInput {\n    address: Addre\n}"
    },
    "index": 47,
    "timestamp": "2023-09-27T12:41:06.859Z",
    "hash": "qeSQ2zuUExyZpGPhWrQnsYq4a7s="
  },
  {
    "type": "SET_OPERATION_SCHEMA",
    "input": {
      "id": "KPDCLOp0LXAt2PEs4LcUytoWBrs=",
      "schema": "input AddAddressInput {\n    address: Addres\n}"
    },
    "index": 48,
    "timestamp": "2023-09-27T12:41:07.061Z",
    "hash": "vOOZYxHkzSe81wsOyjqEQbvEUCM="
  },
  {
    "type": "SET_OPERATION_SCHEMA",
    "input": {
      "id": "KPDCLOp0LXAt2PEs4LcUytoWBrs=",
      "schema": "input AddAddressInput {\n    address: Address\n}"
    },
    "index": 49,
    "timestamp": "2023-09-27T12:41:07.204Z",
    "hash": "rnwlMEdL75raJ3fAgOLWJA/t4hs="
  },
  {
    "type": "SET_OPERATION_SCHEMA",
    "input": {
      "id": "KPDCLOp0LXAt2PEs4LcUytoWBrs=",
      "schema": "input AddAddressInput {\n    address: Address\n}"
    },
    "index": 50,
    "timestamp": "2023-09-27T12:41:13.390Z",
    "hash": "rnwlMEdL75raJ3fAgOLWJA/t4hs="
  },
  {
    "type": "SET_OPERATION_SCHEMA",
    "input": {
      "id": "KPDCLOp0LXAt2PEs4LcUytoWBrs=",
      "schema": "input AddAddressInput {\n    address: Address!\n}"
    },
    "index": 51,
    "timestamp": "2023-09-27T12:41:14.289Z",
    "hash": "U94jWXH8bRk+UYnevAQ4oEsRyzU="
  },
  {
    "type": "ADD_OPERATION",
    "input": {
      "id": "NLnyWdgFKkLuKas5E/Tv8qT6uAg=",
      "moduleId": "+UtBJrq8nso6LCXEunReB0SgAxE=",
      "name": "REMOVE_ADDRESS"
    },
    "index": 52,
    "timestamp": "2023-09-27T12:41:46.987Z",
    "hash": "t0STccpDVGqTqatq0SYKrYeEcec="
  },
  {
    "type": "SET_OPERATION_SCHEMA",
    "input": {
      "id": "NLnyWdgFKkLuKas5E/Tv8qT6uAg=",
      "schema": "input RemoveAddressInput {\n    address: Address!\n}"
    },
    "index": 53,
    "timestamp": "2023-09-27T12:41:52.318Z",
    "hash": "kYxKfnp7zioYECZoN8ib/keNpSM="
  },
  {
    "type": "SET_INITIAL_STATE",
    "input": {
      "initialValue": "{\"addresses\":[{\"label\":\"Oracle Core Unit Multisig\",\"address\":\"0x2d09b7b95f3f312ba6ddfb77ba6971786c5b50cf\"}]}"
    },
    "index": 54,
    "timestamp": "2023-09-27T12:42:08.716Z",
    "hash": "s7mDB1ZhvIA5wY/ViJac2OcP9mU="
  },
  {
    "type": "SET_INITIAL_STATE",
    "input": {
      "initialValue": "{\"addresses\":[{\"label\":\"Oracle Core Unit Multisig\",\"address\":\"0x2d09b7b95f3f312ba6ddfb77ba6971786c5b50cf\"},{}]}"
    },
    "index": 55,
    "timestamp": "2023-09-27T12:42:08.717Z",
    "hash": "1LuT4pLxnlG/YpSXYxbbepE0ITQ="
  },
  {
    "type": "SET_INITIAL_STATE",
    "input": {
      "initialValue": "{\"addresses\":[{\"label\":\"Oracle Core Unit Multisig\",\"address\":\"0x2d09b7b95f3f312ba6ddfb77ba6971786c5b50cf\"},{}]}"
    },
    "index": 56,
    "timestamp": "2023-09-27T12:42:08.717Z",
    "hash": "1LuT4pLxnlG/YpSXYxbbepE0ITQ="
  },
  {
    "type": "SET_INITIAL_STATE",
    "input": {
      "initialValue": "{\"addresses\":[{\"label\":\"Oracle Core Unit Multisig\",\"address\":\"0x2d09b7b95f3f312ba6ddfb77ba6971786c5b50cf\"},{\"label\":\"\"}]}"
    },
    "index": 57,
    "timestamp": "2023-09-27T12:42:08.717Z",
    "hash": "VAnrkkkeyoYeYKcF/n2shLZBjwU="
  },
  {
    "type": "SET_INITIAL_STATE",
    "input": {
      "initialValue": "{\"addresses\":[{\"label\":\"Oracle Core Unit Multisig\",\"address\":\"0x2d09b7b95f3f312ba6ddfb77ba6971786c5b50cf\"},{\"label\":\"TechOps Auditor Wallet\"}]}"
    },
    "index": 58,
    "timestamp": "2023-09-27T12:42:08.717Z",
    "hash": "SoLf0Y4pqvmyzwKj31ky3jNSKmI="
  },
  {
    "type": "SET_INITIAL_STATE",
    "input": {
      "initialValue": "{\"addresses\":[{\"label\":\"Oracle Core Unit Multisig\",\"address\":\"0x2d09b7b95f3f312ba6ddfb77ba6971786c5b50cf\"},{\"label\":\"TechOps Auditor Wallet\",\"address\":\"\"}]}"
    },
    "index": 59,
    "timestamp": "2023-09-27T12:42:08.718Z",
    "hash": "3xvbIxme67H96yoMi000IFwOBpI="
  },
  {
    "type": "SET_INITIAL_STATE",
    "input": {
      "initialValue": "{\"addresses\":[{\"label\":\"Oracle Core Unit Multisig\",\"address\":\"0x2d09b7b95f3f312ba6ddfb77ba6971786c5b50cf\"},{\"label\":\"TechOps Auditor Wallet\",\"address\":\"0xb2da57e224949acdde173a5b8a8160c023ea86e6\"}]}"
    },
    "index": 60,
    "timestamp": "2023-09-27T12:42:08.718Z",
    "hash": "kYxKfnp7zioYECZoN8ib/keNpSM="
  },
  {
    "type": "SET_OPERATION_SCHEMA",
    "input": {
      "id": "NLnyWdgFKkLuKas5E/Tv8qT6uAg=",
      "schema": "input RemoveAddressInput {\n    address: S!\n}"
    },
    "index": 61,
    "timestamp": "2023-09-27T12:42:09.099Z",
    "hash": "NK1jlur513UKNA/PfSiFv1gvHxs="
  },
  {
    "type": "SET_OPERATION_SCHEMA",
    "input": {
      "id": "NLnyWdgFKkLuKas5E/Tv8qT6uAg=",
      "schema": "input RemoveAddressInput {\n    address: St!\n}"
    },
    "index": 62,
    "timestamp": "2023-09-27T12:42:09.387Z",
    "hash": "hQWQU1p6Hll/m3rZl6DlY7yzS/Q="
  },
  {
    "type": "SET_OPERATION_SCHEMA",
    "input": {
      "id": "NLnyWdgFKkLuKas5E/Tv8qT6uAg=",
      "schema": "input RemoveAddressInput {\n    address: Str!\n}"
    },
    "index": 63,
    "timestamp": "2023-09-27T12:42:09.559Z",
    "hash": "kQSWHsxL0IpMxftmIKS4+uuY+pY="
  },
  {
    "type": "SET_OPERATION_SCHEMA",
    "input": {
      "id": "NLnyWdgFKkLuKas5E/Tv8qT6uAg=",
      "schema": "input RemoveAddressInput {\n    address: String!\n}"
    },
    "index": 64,
    "timestamp": "2023-09-27T12:42:10.012Z",
    "hash": "gvyB/43W/b9qqHLnBk9/bM0XIxw="
  }
]