[
  {
    "type": "SET_MODEL_ID",
    "input": {
      "id": ""
    },
    "index": 0,
    "timestamp": "2023-09-27T09:30:38.640Z",
    "hash": "t+yLyzWlZIZwnFP60EAa4astA7E="
  },
  {
    "type": "SET_MODEL_ID",
    "input": {
      "id": ""
    },
    "index": 1,
    "timestamp": "2023-09-27T09:30:38.641Z",
    "hash": "t+yLyzWlZIZwnFP60EAa4astA7E="
  },
  {
    "type": "SET_MODEL_NAME",
    "input": {
      "name": "DocumentEditor"
    },
    "index": 2,
    "timestamp": "2023-09-27T09:30:43.435Z",
    "hash": "7yE7Smb2neixMBzVpCr1dzupFeE="
  },
  {
    "type": "SET_MODEL_ID",
    "input": {
      "id": "powerhouse/document-editor"
    },
    "index": 3,
    "timestamp": "2023-09-27T09:30:57.541Z",
    "hash": "7soQ7Zaxb179Gz8Z2hdP1TtNLr4="
  },
  {
    "type": "SET_MODEL_EXTENSION",
    "input": {
      "extension": "phde"
    },
    "index": 4,
    "timestamp": "2023-09-27T09:31:00.148Z",
    "hash": "hF+9ND5/w1JomzKFDAozucose2w="
  },
  {
    "type": "SET_AUTHOR_NAME",
    "input": {
      "authorName": "Powerhouse"
    },
    "index": 5,
    "timestamp": "2023-09-27T09:31:02.283Z",
    "hash": "J6hhVRgVVM4hU0Mghhb9bkkLq4w="
  },
  {
    "type": "SET_AUTHOR_WEBSITE",
    "input": {
      "authorWebsite": "https://powerhouse.inc"
    },
    "index": 6,
    "timestamp": "2023-09-27T09:31:09.041Z",
    "hash": "b9s3jQOGU3cJ8ZuSxC2fqcYcepo="
  },
  {
    "type": "SET_STATE_SCHEMA",
    "input": {
      "schema": "    type DocumentEditorState {\n    \n}"
    },
    "index": 7,
    "timestamp": "2023-09-27T09:31:09.653Z",
    "hash": "oTHeFvQnQ1h9J3K++Bab4pkHxC0="
  },
  {
    "type": "SET_STATE_SCHEMA",
    "input": {
      "schema": "type DocumentEditorState {\n    \n}"
    },
    "index": 8,
    "timestamp": "2023-09-27T09:31:10.157Z",
    "hash": "NScFbENCgkjPE1ks5gQ/Lpcmd0k="
  },
  {
    "type": "SET_STATE_SCHEMA",
    "input": {
      "schema": "type DocumentEditorState {\n        \n}"
    },
    "index": 9,
    "timestamp": "2023-09-27T09:31:10.868Z",
    "hash": "iijh8N8eYHBzqM++ymGLUg2MrVc="
  },
  {
    "type": "SET_STATE_SCHEMA",
    "input": {
      "schema": "type DocumentEditorState {\n    i    \n}"
    },
    "index": 10,
    "timestamp": "2023-09-27T09:31:16.089Z",
    "hash": "Ori4xaAc0J/0qf9Elt/E1oYpG8o="
  },
  {
    "type": "SET_STATE_SCHEMA",
    "input": {
      "schema": "type DocumentEditorState {\n    id    \n}"
    },
    "index": 11,
    "timestamp": "2023-09-27T09:31:16.167Z",
    "hash": "KsT6F07E3w/t/YpS34q2dg+uKOU="
  },
  {
    "type": "SET_STATE_SCHEMA",
    "input": {
      "schema": "type DocumentEditorState {\n    id:    \n}"
    },
    "index": 12,
    "timestamp": "2023-09-27T09:31:16.594Z",
    "hash": "oz/xjJkaa+UlskpWmd59YNXI4Oc="
  },
  {
    "type": "SET_STATE_SCHEMA",
    "input": {
      "schema": "type DocumentEditorState {\n    id:     \n}"
    },
    "index": 13,
    "timestamp": "2023-09-27T09:31:16.796Z",
    "hash": "g2SpI1jRHFTYPx3WCnI2ncxgBZ4="
  },
  {
    "type": "SET_STATE_SCHEMA",
    "input": {
      "schema": "type DocumentEditorState {\n    id: S    \n}"
    },
    "index": 14,
    "timestamp": "2023-09-27T09:31:17.042Z",
    "hash": "1u5y8uryIVl7VMsk49rLiVOE3Gc="
  },
  {
    "type": "SET_STATE_SCHEMA",
    "input": {
      "schema": "type DocumentEditorState {\n    id: St    \n}"
    },
    "index": 15,
    "timestamp": "2023-09-27T09:31:17.281Z",
    "hash": "MSKm/Om5yJj+hSZO/wFdaA9JTUs="
  },
  {
    "type": "SET_STATE_SCHEMA",
    "input": {
      "schema": "type DocumentEditorState {\n    id: Str    \n}"
    },
    "index": 16,
    "timestamp": "2023-09-27T09:31:17.484Z",
    "hash": "9QVFfOOrMMizcF6wa4c9RN2pU74="
  },
  {
    "type": "SET_STATE_SCHEMA",
    "input": {
      "schema": "type DocumentEditorState {\n    id: Stri    \n}"
    },
    "index": 17,
    "timestamp": "2023-09-27T09:31:17.528Z",
    "hash": "WLuxpA0dIIOryXfEIvp7LO7QZMY="
  },
  {
    "type": "SET_STATE_SCHEMA",
    "input": {
      "schema": "type DocumentEditorState {\n    id: Strin    \n}"
    },
    "index": 18,
    "timestamp": "2023-09-27T09:31:17.707Z",
    "hash": "IRVyHmR8csIJQfV8FktFQ0Zfr1c="
  },
  {
    "type": "SET_STATE_SCHEMA",
    "input": {
      "schema": "type DocumentEditorState {\n    id: String    \n}"
    },
    "index": 19,
    "timestamp": "2023-09-27T09:31:17.781Z",
    "hash": "w0PsPZCTNAr6B2vVsoYdTCDMnt4="
  },
  {
    "type": "SET_STATE_SCHEMA",
    "input": {
      "schema": "type DocumentEditorState {\n    id: String!    \n}"
    },
    "index": 20,
    "timestamp": "2023-09-27T09:31:18.120Z",
    "hash": "PbCqt3k2XRp+CvZrysjxz7pm8+8="
  },
  {
    "type": "SET_STATE_SCHEMA",
    "input": {
      "schema": "type DocumentEditorState {\n    id: String!\n        \n}"
    },
    "index": 21,
    "timestamp": "2023-09-27T09:31:18.581Z",
    "hash": "oXa0zp1FAKJAkU3xbjRo5yAJY7s="
  },
  {
    "type": "SET_STATE_SCHEMA",
    "input": {
      "schema": "type DocumentEditorState {\n    id: String!\n    n    \n}"
    },
    "index": 22,
    "timestamp": "2023-09-27T09:31:22.420Z",
    "hash": "gZzOQS3Jgh82vxGxEQyBXg0ux1E="
  },
  {
    "type": "SET_STATE_SCHEMA",
    "input": {
      "schema": "type DocumentEditorState {\n    id: String!\n    na    \n}"
    },
    "index": 23,
    "timestamp": "2023-09-27T09:31:22.500Z",
    "hash": "uVWInLUB+sffrNWUEm1WBNKzbbM="
  },
  {
    "type": "SET_STATE_SCHEMA",
    "input": {
      "schema": "type DocumentEditorState {\n    id: String!\n    nam    \n}"
    },
    "index": 24,
    "timestamp": "2023-09-27T09:31:22.652Z",
    "hash": "bUcUpCplNupoplvg83kkSh4x4II="
  },
  {
    "type": "SET_STATE_SCHEMA",
    "input": {
      "schema": "type DocumentEditorState {\n    id: String!\n    name    \n}"
    },
    "index": 25,
    "timestamp": "2023-09-27T09:31:22.723Z",
    "hash": "roBnRIBHngJ6HLTlipsJYbhebQE="
  },
  {
    "type": "SET_STATE_SCHEMA",
    "input": {
      "schema": "type DocumentEditorState {\n    id: String!\n    name:    \n}"
    },
    "index": 26,
    "timestamp": "2023-09-27T09:31:22.953Z",
    "hash": "MOFcu0oJ/WcfVESW2FBWZ995jCY="
  },
  {
    "type": "SET_STATE_SCHEMA",
    "input": {
      "schema": "type DocumentEditorState {\n    id: String!\n    name:     \n}"
    },
    "index": 27,
    "timestamp": "2023-09-27T09:31:23.122Z",
    "hash": "bqYO9ZREYQNiM4SwrI8dOm+K1KM="
  },
  {
    "type": "SET_STATE_SCHEMA",
    "input": {
      "schema": "type DocumentEditorState {\n    id: String!\n    name: S    \n}"
    },
    "index": 28,
    "timestamp": "2023-09-27T09:31:23.227Z",
    "hash": "G6+HNeGqHJYxcxiwh9rF9kicPf8="
  },
  {
    "type": "SET_STATE_SCHEMA",
    "input": {
      "schema": "type DocumentEditorState {\n    id: String!\n    name: St    \n}"
    },
    "index": 29,
    "timestamp": "2023-09-27T09:31:23.501Z",
    "hash": "ew/c/RhPcM0t22dkGWbTdMUSvwY="
  },
  {
    "type": "SET_STATE_SCHEMA",
    "input": {
      "schema": "type DocumentEditorState {\n    id: String!\n    name: Str    \n}"
    },
    "index": 30,
    "timestamp": "2023-09-27T09:31:23.680Z",
    "hash": "VJW0n1Dy6q7k4lgWDmVkP3BDXYo="
  },
  {
    "type": "SET_STATE_SCHEMA",
    "input": {
      "schema": "type DocumentEditorState {\n    id: String!\n    name: Stri    \n}"
    },
    "index": 31,
    "timestamp": "2023-09-27T09:31:23.752Z",
    "hash": "VyMP/LgTqiFP5CjNMjejNGsGtxc="
  },
  {
    "type": "SET_STATE_SCHEMA",
    "input": {
      "schema": "type DocumentEditorState {\n    id: String!\n    name: Strin    \n}"
    },
    "index": 32,
    "timestamp": "2023-09-27T09:31:23.905Z",
    "hash": "wQduC+dnS2aBU9YYPUNUlnSl28o="
  },
  {
    "type": "SET_STATE_SCHEMA",
    "input": {
      "schema": "type DocumentEditorState {\n    id: String!\n    name: String    \n}"
    },
    "index": 33,
    "timestamp": "2023-09-27T09:31:23.971Z",
    "hash": "N27sIJaCCf1hkrZr2s2XMAC8jwk="
  },
  {
    "type": "SET_STATE_SCHEMA",
    "input": {
      "schema": "type DocumentEditorState {\n    id: String!\n    name: String!    \n}"
    },
    "index": 34,
    "timestamp": "2023-09-27T09:31:24.256Z",
    "hash": "nfxQJDQMqnSMi7wD9CD13ATh5oo="
  },
  {
    "type": "SET_STATE_SCHEMA",
    "input": {
      "schema": "type DocumentEditorState {\n    id: String!\n    name: String!\n        \n}"
    },
    "index": 35,
    "timestamp": "2023-09-27T09:31:24.794Z",
    "hash": "M/2XBmw2RjrqsR4YnGkb33pqmCg="
  },
  {
    "type": "SET_STATE_SCHEMA",
    "input": {
      "schema": "type DocumentEditorState {\n    id: String!\n    name: String!\n    d    \n}"
    },
    "index": 36,
    "timestamp": "2023-09-27T09:31:28.286Z",
    "hash": "hT1eBNQocTP59LqSFvh7CfJAU2M="
  },
  {
    "type": "SET_STATE_SCHEMA",
    "input": {
      "schema": "type DocumentEditorState {\n    id: String!\n    name: String!\n    do    \n}"
    },
    "index": 37,
    "timestamp": "2023-09-27T09:31:28.887Z",
    "hash": "e6NVs5p97PAqXIUBF8Hl1RFlkJw="
  },
  {
    "type": "SET_STATE_SCHEMA",
    "input": {
      "schema": "type DocumentEditorState {\n    id: String!\n    name: String!\n    doc    \n}"
    },
    "index": 38,
    "timestamp": "2023-09-27T09:31:29.033Z",
    "hash": "TFoskVJOaC+Hv9hHBzaVd05B4bs="
  },
  {
    "type": "SET_STATE_SCHEMA",
    "input": {
      "schema": "type DocumentEditorState {\n    id: String!\n    name: String!\n    docu    \n}"
    },
    "index": 39,
    "timestamp": "2023-09-27T09:31:29.084Z",
    "hash": "4xMQhjIerqmR1LKsiXUTsA/EOXU="
  },
  {
    "type": "SET_STATE_SCHEMA",
    "input": {
      "schema": "type DocumentEditorState {\n    id: String!\n    name: String!\n    docum    \n}"
    },
    "index": 40,
    "timestamp": "2023-09-27T09:31:29.263Z",
    "hash": "kfopIk1fyHW5ZHbF/S/j7otYcu4="
  },
  {
    "type": "SET_STATE_SCHEMA",
    "input": {
      "schema": "type DocumentEditorState {\n    id: String!\n    name: String!\n    docume    \n}"
    },
    "index": 41,
    "timestamp": "2023-09-27T09:31:29.363Z",
    "hash": "0xbQX8MywHRiZ5ZU5+tYGp5RDVI="
  },
  {
    "type": "SET_STATE_SCHEMA",
    "input": {
      "schema": "type DocumentEditorState {\n    id: String!\n    name: String!\n    documen    \n}"
    },
    "index": 42,
    "timestamp": "2023-09-27T09:31:29.466Z",
    "hash": "ISvybztQA5otXdf1kLnFxq2IHtE="
  },
  {
    "type": "SET_STATE_SCHEMA",
    "input": {
      "schema": "type DocumentEditorState {\n    id: String!\n    name: String!\n    document    \n}"
    },
    "index": 43,
    "timestamp": "2023-09-27T09:31:29.541Z",
    "hash": "19ypN28GLWqNNVSYyGSx+Qw41gc="
  },
  {
    "type": "SET_STATE_SCHEMA",
    "input": {
      "schema": "type DocumentEditorState {\n    id: String!\n    name: String!\n    documentT    \n}"
    },
    "index": 44,
    "timestamp": "2023-09-27T09:31:29.895Z",
    "hash": "BcJ5CyrEx4eChRjhZDCpgrRRleE="
  },
  {
    "type": "SET_STATE_SCHEMA",
    "input": {
      "schema": "type DocumentEditorState {\n    id: String!\n    name: String!\n    documentTy    \n}"
    },
    "index": 45,
    "timestamp": "2023-09-27T09:31:30.117Z",
    "hash": "gRzoQgPlRnjaj3Zzy3jEGKaeh7M="
  },
  {
    "type": "SET_STATE_SCHEMA",
    "input": {
      "schema": "type DocumentEditorState {\n    id: String!\n    name: String!\n    documentTyp    \n}"
    },
    "index": 46,
    "timestamp": "2023-09-27T09:31:30.186Z",
    "hash": "sHujchCmlQD2hdratkEiaLC/pGE="
  },
  {
    "type": "SET_STATE_SCHEMA",
    "input": {
      "schema": "type DocumentEditorState {\n    id: String!\n    name: String!\n    documentType    \n}"
    },
    "index": 47,
    "timestamp": "2023-09-27T09:31:30.292Z",
    "hash": "xPaqBSCU0xyL0twNE3gzYHE2MXE="
  },
  {
    "type": "SET_STATE_SCHEMA",
    "input": {
      "schema": "type DocumentEditorState {\n    id: String!\n    name: String!\n    documentTypes    \n}"
    },
    "index": 48,
    "timestamp": "2023-09-27T09:31:30.474Z",
    "hash": "WAu2bjdU7wthdso3v7YqEBsTAHk="
  },
  {
    "type": "SET_STATE_SCHEMA",
    "input": {
      "schema": "type DocumentEditorState {\n    id: String!\n    name: String!\n    documentTypes:    \n}"
    },
    "index": 49,
    "timestamp": "2023-09-27T09:31:39.404Z",
    "hash": "itPuE1LTeu+ccX13yx4bJVvlDgs="
  },
  {
    "type": "SET_STATE_SCHEMA",
    "input": {
      "schema": "type DocumentEditorState {\n    id: String!\n    name: String!\n    documentTypes:     \n}"
    },
    "index": 50,
    "timestamp": "2023-09-27T09:31:39.523Z",
    "hash": "4tqL00PecrRT0K9uBiajMahXZBs="
  },
  {
    "type": "SET_STATE_SCHEMA",
    "input": {
      "schema": "type DocumentEditorState {\n    id: String!\n    name: String!\n    documentTypes: []    \n}"
    },
    "index": 51,
    "timestamp": "2023-09-27T09:31:40.800Z",
    "hash": "aVqX6ArhgPxJ+69gknImjRe/9zs="
  },
  {
    "type": "SET_STATE_SCHEMA",
    "input": {
      "schema": "type DocumentEditorState {\n    id: String!\n    name: String!\n    documentTypes: [S]    \n}"
    },
    "index": 52,
    "timestamp": "2023-09-27T09:31:41.192Z",
    "hash": "ZiJ24ka7QzMCULdFCuLzx6GbMx8="
  },
  {
    "type": "SET_STATE_SCHEMA",
    "input": {
      "schema": "type DocumentEditorState {\n    id: String!\n    name: String!\n    documentTypes: [St]    \n}"
    },
    "index": 53,
    "timestamp": "2023-09-27T09:31:41.430Z",
    "hash": "LtiQsN5/QtgQnHqHsi3wuznzpB8="
  },
  {
    "type": "SET_STATE_SCHEMA",
    "input": {
      "schema": "type DocumentEditorState {\n    id: String!\n    name: String!\n    documentTypes: [Str]    \n}"
    },
    "index": 54,
    "timestamp": "2023-09-27T09:31:41.630Z",
    "hash": "R3qmfVrO2AfI103BzPW+/PPbhYI="
  },
  {
    "type": "SET_STATE_SCHEMA",
    "input": {
      "schema": "type DocumentEditorState {\n    id: String!\n    name: String!\n    documentTypes: [Stri]    \n}"
    },
    "index": 55,
    "timestamp": "2023-09-27T09:31:41.677Z",
    "hash": "syi6Nuq+FjaJNNtnkYIWyP6wIeQ="
  },
  {
    "type": "SET_STATE_SCHEMA",
    "input": {
      "schema": "type DocumentEditorState {\n    id: String!\n    name: String!\n    documentTypes: [Strin]    \n}"
    },
    "index": 56,
    "timestamp": "2023-09-27T09:31:41.862Z",
    "hash": "7WNOmoOALeaAYOPhsu4I9tWYPQI="
  },
  {
    "type": "SET_STATE_SCHEMA",
    "input": {
      "schema": "type DocumentEditorState {\n    id: String!\n    name: String!\n    documentTypes: [String]    \n}"
    },
    "index": 57,
    "timestamp": "2023-09-27T09:31:41.924Z",
    "hash": "T5E5s4v4ofxUG9HPmoXnBjun4kI="
  },
  {
    "type": "SET_STATE_SCHEMA",
    "input": {
      "schema": "type DocumentEditorState {\n    id: String!\n    name: String!\n    documentTypes: [String!]    \n}"
    },
    "index": 58,
    "timestamp": "2023-09-27T09:31:42.189Z",
    "hash": "tPpl6Rm4+nr/y5TzG8MsyHPyThw="
  },
  {
    "type": "SET_STATE_SCHEMA",
    "input": {
      "schema": "type DocumentEditorState {\n    id: String!\n    name: String!\n    documentTypes: [String!]!    \n}"
    },
    "index": 59,
    "timestamp": "2023-09-27T09:31:42.660Z",
    "hash": "Qwo4/aHkddxmHWB2Y6gvcr5dX2c="
  },
  {
    "type": "SET_INITIAL_STATE",
    "input": {
      "initialValue": "{\"id\":\"\"}"
    },
    "index": 60,
    "timestamp": "2023-09-27T09:32:19.020Z",
    "hash": "LWiqRTqxLMJfaKOOUO4MY8i0eV4="
  },
  {
    "type": "SET_INITIAL_STATE",
    "input": {
      "initialValue": "{\"id\":\"\",\"name\":\"\"}"
    },
    "index": 61,
    "timestamp": "2023-09-27T09:32:19.021Z",
    "hash": "g9zs0mknvvSMcmmvNBFHmmm5b94="
  },
  {
    "type": "SET_INITIAL_STATE",
    "input": {
      "initialValue": "{\"id\":\"\",\"name\":\"\",\"documentTypes\":[]}"
    },
    "index": 62,
    "timestamp": "2023-09-27T09:32:19.021Z",
    "hash": "kjbIle+VDKPjZGOgpIkLTFMj9QY="
  },
  {
    "type": "SET_INITIAL_STATE",
    "input": {
      "initialValue": "{\"id\":\"\",\"name\":\"\",\"documentTypes\":[]}"
    },
    "index": 63,
    "timestamp": "2023-09-27T09:32:19.021Z",
    "hash": "kjbIle+VDKPjZGOgpIkLTFMj9QY="
  },
  {
    "type": "SET_INITIAL_STATE",
    "input": {
      "initialValue": "{\"id\":\"\",\"name\":\"\",\"documentTypes\":[]}"
    },
    "index": 64,
    "timestamp": "2023-09-27T09:32:19.021Z",
    "hash": "kjbIle+VDKPjZGOgpIkLTFMj9QY="
  },
  {
    "type": "ADD_MODULE",
    "input": {
      "id": "Wb6Y2ILN08IHE97jWqFIly5sGZ4=",
      "name": "main"
    },
    "index": 65,
    "timestamp": "2023-09-27T09:32:21.190Z",
    "hash": "yu+4edPEaHXC15l/Jr6psBQRTUs="
  },
  {
    "type": "ADD_OPERATION",
    "input": {
      "id": "6U0McZvS/Ur64I1l6vwVlMyLXA4=",
      "moduleId": "Wb6Y2ILN08IHE97jWqFIly5sGZ4=",
      "name": "SET_EDITOR_ID"
    },
    "index": 66,
    "timestamp": "2023-09-27T09:32:28.780Z",
    "hash": "Yo/kHq45n03w2Fafb71+sJY7eeY="
  },
  {
    "type": "SET_OPERATION_SCHEMA",
    "input": {
      "id": "6U0McZvS/Ur64I1l6vwVlMyLXA4=",
      "schema": "input SetEditorIdInput {\n    i\n}"
    },
    "index": 67,
    "timestamp": "2023-09-27T09:32:31.905Z",
    "hash": "kW8e7rYIRajM+uxogfWeUWzuezY="
  },
  {
    "type": "SET_OPERATION_SCHEMA",
    "input": {
      "id": "6U0McZvS/Ur64I1l6vwVlMyLXA4=",
      "schema": "input SetEditorIdInput {\n    id\n}"
    },
    "index": 68,
    "timestamp": "2023-09-27T09:32:31.994Z",
    "hash": "czG4OufopmM1CHaOXSKzIFSivHI="
  },
  {
    "type": "SET_OPERATION_SCHEMA",
    "input": {
      "id": "6U0McZvS/Ur64I1l6vwVlMyLXA4=",
      "schema": "input SetEditorIdInput {\n    id:\n}"
    },
    "index": 69,
    "timestamp": "2023-09-27T09:32:32.232Z",
    "hash": "vK2318jYQHL+JkWHM20975rCYMI="
  },
  {
    "type": "SET_OPERATION_SCHEMA",
    "input": {
      "id": "6U0McZvS/Ur64I1l6vwVlMyLXA4=",
      "schema": "input SetEditorIdInput {\n    id: \n}"
    },
    "index": 70,
    "timestamp": "2023-09-27T09:32:32.371Z",
    "hash": "qjK6smSvL3TfNniXQXIQ8oWKikA="
  },
  {
    "type": "SET_OPERATION_SCHEMA",
    "input": {
      "id": "6U0McZvS/Ur64I1l6vwVlMyLXA4=",
      "schema": "input SetEditorIdInput {\n    id: S\n}"
    },
    "index": 71,
    "timestamp": "2023-09-27T09:32:32.523Z",
    "hash": "R0sOYNMSiCbv9UHkfCujmZ35dBY="
  },
  {
    "type": "SET_OPERATION_SCHEMA",
    "input": {
      "id": "6U0McZvS/Ur64I1l6vwVlMyLXA4=",
      "schema": "input SetEditorIdInput {\n    id: St\n}"
    },
    "index": 72,
    "timestamp": "2023-09-27T09:32:32.797Z",
    "hash": "s4tWPYmvRviEusCYkt5vzVXXlz0="
  },
  {
    "type": "SET_OPERATION_SCHEMA",
    "input": {
      "id": "6U0McZvS/Ur64I1l6vwVlMyLXA4=",
      "schema": "input SetEditorIdInput {\n    id: Str\n}"
    },
    "index": 73,
    "timestamp": "2023-09-27T09:32:32.951Z",
    "hash": "WAGVf3Xs80ZN6gUSsm2dI2Ks+Yw="
  },
  {
    "type": "SET_OPERATION_SCHEMA",
    "input": {
      "id": "6U0McZvS/Ur64I1l6vwVlMyLXA4=",
      "schema": "input SetEditorIdInput {\n    id: Stri\n}"
    },
    "index": 74,
    "timestamp": "2023-09-27T09:32:33.021Z",
    "hash": "nwXKt3FRTF8UWjyPX8Hqm4T/2uc="
  },
  {
    "type": "SET_OPERATION_SCHEMA",
    "input": {
      "id": "6U0McZvS/Ur64I1l6vwVlMyLXA4=",
      "schema": "input SetEditorIdInput {\n    id: Strin\n}"
    },
    "index": 75,
    "timestamp": "2023-09-27T09:32:33.197Z",
    "hash": "oEsM4AvDdHslKuXHodwJmZi1fYo="
  },
  {
    "type": "SET_OPERATION_SCHEMA",
    "input": {
      "id": "6U0McZvS/Ur64I1l6vwVlMyLXA4=",
      "schema": "input SetEditorIdInput {\n    id: String\n}"
    },
    "index": 76,
    "timestamp": "2023-09-27T09:32:33.268Z",
    "hash": "8HOSJ1UrY8CEs29d93RAJPY1ymw="
  },
  {
    "type": "SET_OPERATION_SCHEMA",
    "input": {
      "id": "6U0McZvS/Ur64I1l6vwVlMyLXA4=",
      "schema": "input SetEditorIdInput {\n    id: String!\n}"
    },
    "index": 77,
    "timestamp": "2023-09-27T09:32:33.574Z",
    "hash": "cTXDrCm+cUMa9QRjtoRiEjq7hD4="
  },
  {
    "type": "ADD_OPERATION",
    "input": {
      "id": "Kx4wlxfrNfSey3aQ1YBo1/pq4YY=",
      "moduleId": "Wb6Y2ILN08IHE97jWqFIly5sGZ4=",
      "name": "SET_EDITOR_NAME"
    },
    "index": 78,
    "timestamp": "2023-09-27T09:32:39.251Z",
    "hash": "bkDzq+o4+/N9ur5wAiAhvmIj+Fs="
  },
  {
    "type": "SET_OPERATION_SCHEMA",
    "input": {
      "id": "Kx4wlxfrNfSey3aQ1YBo1/pq4YY=",
      "schema": "input SetEditorNameInput {\n    n\n}"
    },
    "index": 79,
    "timestamp": "2023-09-27T09:32:47.417Z",
    "hash": "AMAQwFYS+ckRXDqXc8fhC6cPT60="
  },
  {
    "type": "SET_OPERATION_SCHEMA",
    "input": {
      "id": "Kx4wlxfrNfSey3aQ1YBo1/pq4YY=",
      "schema": "input SetEditorNameInput {\n    na\n}"
    },
    "index": 80,
    "timestamp": "2023-09-27T09:32:47.466Z",
    "hash": "1O907TL8dXkNwc3cPjTPjgkMJ+0="
  },
  {
    "type": "SET_OPERATION_SCHEMA",
    "input": {
      "id": "Kx4wlxfrNfSey3aQ1YBo1/pq4YY=",
      "schema": "input SetEditorNameInput {\n    nam\n}"
    },
    "index": 81,
    "timestamp": "2023-09-27T09:32:47.618Z",
    "hash": "Wtxjkr4RT1ra3LhDXhSUbPhKTq4="
  },
  {
    "type": "SET_OPERATION_SCHEMA",
    "input": {
      "id": "Kx4wlxfrNfSey3aQ1YBo1/pq4YY=",
      "schema": "input SetEditorNameInput {\n    name\n}"
    },
    "index": 82,
    "timestamp": "2023-09-27T09:32:47.698Z",
    "hash": "cvkVBGdu2hkdqcVCAVEmU2TubT4="
  },
  {
    "type": "SET_OPERATION_SCHEMA",
    "input": {
      "id": "Kx4wlxfrNfSey3aQ1YBo1/pq4YY=",
      "schema": "input SetEditorNameInput {\n    name:\n}"
    },
    "index": 83,
    "timestamp": "2023-09-27T09:32:48.125Z",
    "hash": "ocnfT8Ihh4Bdy0r9hwXL4S0EI4M="
  },
  {
    "type": "SET_OPERATION_SCHEMA",
    "input": {
      "id": "Kx4wlxfrNfSey3aQ1YBo1/pq4YY=",
      "schema": "input SetEditorNameInput {\n    name: \n}"
    },
    "index": 84,
    "timestamp": "2023-09-27T09:32:48.270Z",
    "hash": "i6hDPio6OPOBT5lEamX4/dyfAnY="
  },
  {
    "type": "SET_OPERATION_SCHEMA",
    "input": {
      "id": "Kx4wlxfrNfSey3aQ1YBo1/pq4YY=",
      "schema": "input SetEditorNameInput {\n    name: S\n}"
    },
    "index": 85,
    "timestamp": "2023-09-27T09:32:48.471Z",
    "hash": "HoRr/Ojc+o2UNKCKM2/QhI57Xjo="
  },
  {
    "type": "SET_OPERATION_SCHEMA",
    "input": {
      "id": "Kx4wlxfrNfSey3aQ1YBo1/pq4YY=",
      "schema": "input SetEditorNameInput {\n    name: St\n}"
    },
    "index": 86,
    "timestamp": "2023-09-27T09:32:48.741Z",
    "hash": "Bcjr4LYEkhw8R7a5O2wCmLEp1B8="
  },
  {
    "type": "SET_OPERATION_SCHEMA",
    "input": {
      "id": "Kx4wlxfrNfSey3aQ1YBo1/pq4YY=",
      "schema": "input SetEditorNameInput {\n    name: Str\n}"
    },
    "index": 87,
    "timestamp": "2023-09-27T09:32:48.920Z",
    "hash": "jFADg5xGuy7E+i3mfRSm8XKiVXM="
  },
  {
    "type": "SET_OPERATION_SCHEMA",
    "input": {
      "id": "Kx4wlxfrNfSey3aQ1YBo1/pq4YY=",
      "schema": "input SetEditorNameInput {\n    name: Stri\n}"
    },
    "index": 88,
    "timestamp": "2023-09-27T09:32:48.988Z",
    "hash": "B2bXvqjv9sOQZAZsokXtymj4Md8="
  },
  {
    "type": "SET_OPERATION_SCHEMA",
    "input": {
      "id": "Kx4wlxfrNfSey3aQ1YBo1/pq4YY=",
      "schema": "input SetEditorNameInput {\n    name: Strin\n}"
    },
    "index": 89,
    "timestamp": "2023-09-27T09:32:49.172Z",
    "hash": "MZLjeApxWmsLaxIUgr24A9tjVCQ="
  },
  {
    "type": "SET_OPERATION_SCHEMA",
    "input": {
      "id": "Kx4wlxfrNfSey3aQ1YBo1/pq4YY=",
      "schema": "input SetEditorNameInput {\n    name: String\n}"
    },
    "index": 90,
    "timestamp": "2023-09-27T09:32:49.243Z",
    "hash": "qKg60D9w9AVVIKNn0gXBD/Yoeg4="
  },
  {
    "type": "SET_OPERATION_SCHEMA",
    "input": {
      "id": "Kx4wlxfrNfSey3aQ1YBo1/pq4YY=",
      "schema": "input SetEditorNameInput {\n    name: String!\n}"
    },
    "index": 91,
    "timestamp": "2023-09-27T09:32:49.617Z",
    "hash": "ydaQ2LcwijjWplLakD/twiARPJ8="
  },
  {
    "type": "ADD_OPERATION",
    "input": {
      "id": "f9tWKVerji0KzC5u+RZmSqAx3M8=",
      "moduleId": "Wb6Y2ILN08IHE97jWqFIly5sGZ4=",
      "name": "ADD_DOCUMENT_TYPE"
    },
    "index": 92,
    "timestamp": "2023-09-27T09:32:56.954Z",
    "hash": "JRYLqFNsdqUsyCmYJfUBvj5JWA0="
  },
  {
    "type": "SET_OPERATION_SCHEMA",
    "input": {
      "id": "f9tWKVerji0KzC5u+RZmSqAx3M8=",
      "schema": "input AddDocumentTypeInput {\n    d\n}"
    },
    "index": 93,
    "timestamp": "2023-09-27T09:33:05.792Z",
    "hash": "m3W/ZQZrWPL1crXCW3Fu/D+m8nA="
  },
  {
    "type": "SET_OPERATION_SCHEMA",
    "input": {
      "id": "f9tWKVerji0KzC5u+RZmSqAx3M8=",
      "schema": "input AddDocumentTypeInput {\n    do\n}"
    },
    "index": 94,
    "timestamp": "2023-09-27T09:33:05.886Z",
    "hash": "GtiFJvyHZ3Z9xyJkdVCGargfCQo="
  },
  {
    "type": "SET_OPERATION_SCHEMA",
    "input": {
      "id": "f9tWKVerji0KzC5u+RZmSqAx3M8=",
      "schema": "input AddDocumentTypeInput {\n    doc\n}"
    },
    "index": 95,
    "timestamp": "2023-09-27T09:33:06.061Z",
    "hash": "YlZYNglhbNpI8Q5/zVO6f22+8qU="
  },
  {
    "type": "SET_OPERATION_SCHEMA",
    "input": {
      "id": "f9tWKVerji0KzC5u+RZmSqAx3M8=",
      "schema": "input AddDocumentTypeInput {\n    docu\n}"
    },
    "index": 96,
    "timestamp": "2023-09-27T09:33:06.113Z",
    "hash": "ridYMtalcd3Nl2wq2PXEYW1ON1U="
  },
  {
    "type": "SET_OPERATION_SCHEMA",
    "input": {
      "id": "f9tWKVerji0KzC5u+RZmSqAx3M8=",
      "schema": "input AddDocumentTypeInput {\n    docum\n}"
    },
    "index": 97,
    "timestamp": "2023-09-27T09:33:06.296Z",
    "hash": "H0U4WUVTghr1hjkU6D77nHr09/E="
  },
  {
    "type": "SET_OPERATION_SCHEMA",
    "input": {
      "id": "f9tWKVerji0KzC5u+RZmSqAx3M8=",
      "schema": "input AddDocumentTypeInput {\n    docume\n}"
    },
    "index": 98,
    "timestamp": "2023-09-27T09:33:06.344Z",
    "hash": "9ODwBHbhfMTUjHHl0AYdrp8CRJo="
  },
  {
    "type": "SET_OPERATION_SCHEMA",
    "input": {
      "id": "f9tWKVerji0KzC5u+RZmSqAx3M8=",
      "schema": "input AddDocumentTypeInput {\n    documen\n}"
    },
    "index": 99,
    "timestamp": "2023-09-27T09:33:06.487Z",
    "hash": "ennd1v7I6Tm9m9fU+jBK6K0qTtA="
  },
  {
    "type": "SET_OPERATION_SCHEMA",
    "input": {
      "id": "f9tWKVerji0KzC5u+RZmSqAx3M8=",
      "schema": "input AddDocumentTypeInput {\n    document\n}"
    },
    "index": 100,
    "timestamp": "2023-09-27T09:33:06.569Z",
    "hash": "sjYOAgxaWpnQmAzgqC/Q2rEz26c="
  },
  {
    "type": "SET_OPERATION_SCHEMA",
    "input": {
      "id": "f9tWKVerji0KzC5u+RZmSqAx3M8=",
      "schema": "input AddDocumentTypeInput {\n    documentT\n}"
    },
    "index": 101,
    "timestamp": "2023-09-27T09:33:06.796Z",
    "hash": "J0tn76Kv4iViZ2N7LsVlevTIa5o="
  },
  {
    "type": "SET_OPERATION_SCHEMA",
    "input": {
      "id": "f9tWKVerji0KzC5u+RZmSqAx3M8=",
      "schema": "input AddDocumentTypeInput {\n    documentTy\n}"
    },
    "index": 102,
    "timestamp": "2023-09-27T09:33:06.979Z",
    "hash": "M0/ES/2iJ08Z3XfAd+KKBVMaNn8="
  },
  {
    "type": "SET_OPERATION_SCHEMA",
    "input": {
      "id": "f9tWKVerji0KzC5u+RZmSqAx3M8=",
      "schema": "input AddDocumentTypeInput {\n    documentTyp\n}"
    },
    "index": 103,
    "timestamp": "2023-09-27T09:33:07.079Z",
    "hash": "L6pUbjXTHYoQ8Czf6hDUWUq3dks="
  },
  {
    "type": "SET_OPERATION_SCHEMA",
    "input": {
      "id": "f9tWKVerji0KzC5u+RZmSqAx3M8=",
      "schema": "input AddDocumentTypeInput {\n    documentType\n}"
    },
    "index": 104,
    "timestamp": "2023-09-27T09:33:07.133Z",
    "hash": "OLWTYx+bHnjL3GL5zy+hFBBIPzM="
  },
  {
    "type": "SET_OPERATION_SCHEMA",
    "input": {
      "id": "f9tWKVerji0KzC5u+RZmSqAx3M8=",
      "schema": "input AddDocumentTypeInput {\n    documentType:\n}"
    },
    "index": 105,
    "timestamp": "2023-09-27T09:33:07.373Z",
    "hash": "yMX1mylcRDqqAV6NsiseJoRyrDo="
  },
  {
    "type": "SET_OPERATION_SCHEMA",
    "input": {
      "id": "f9tWKVerji0KzC5u+RZmSqAx3M8=",
      "schema": "input AddDocumentTypeInput {\n    documentType: \n}"
    },
    "index": 106,
    "timestamp": "2023-09-27T09:33:07.505Z",
    "hash": "b7oVux9C/iYFcLisz90vxhsvuVw="
  },
  {
    "type": "SET_OPERATION_SCHEMA",
    "input": {
      "id": "f9tWKVerji0KzC5u+RZmSqAx3M8=",
      "schema": "input AddDocumentTypeInput {\n    documentType: S\n}"
    },
    "index": 107,
    "timestamp": "2023-09-27T09:33:07.633Z",
    "hash": "CLG50Cjg31iEPZSCiJ8b2e01J/M="
  },
  {
    "type": "SET_OPERATION_SCHEMA",
    "input": {
      "id": "f9tWKVerji0KzC5u+RZmSqAx3M8=",
      "schema": "input AddDocumentTypeInput {\n    documentType: St\n}"
    },
    "index": 108,
    "timestamp": "2023-09-27T09:33:07.870Z",
    "hash": "l7Le7ym8f8TJr2wv7ooU1zKfeow="
  },
  {
    "type": "SET_OPERATION_SCHEMA",
    "input": {
      "id": "f9tWKVerji0KzC5u+RZmSqAx3M8=",
      "schema": "input AddDocumentTypeInput {\n    documentType: Str\n}"
    },
    "index": 109,
    "timestamp": "2023-09-27T09:33:08.035Z",
    "hash": "bFULcfL4mS90t8iZ3vQD9wsxuV8="
  },
  {
    "type": "SET_OPERATION_SCHEMA",
    "input": {
      "id": "f9tWKVerji0KzC5u+RZmSqAx3M8=",
      "schema": "input AddDocumentTypeInput {\n    documentType: Stri\n}"
    },
    "index": 110,
    "timestamp": "2023-09-27T09:33:08.106Z",
    "hash": "NcQC7/OAX+MN9lUDgg0bTVoHKEw="
  },
  {
    "type": "SET_OPERATION_SCHEMA",
    "input": {
      "id": "f9tWKVerji0KzC5u+RZmSqAx3M8=",
      "schema": "input AddDocumentTypeInput {\n    documentType: Strin\n}"
    },
    "index": 111,
    "timestamp": "2023-09-27T09:33:08.290Z",
    "hash": "GoulbI6H7H4mk1nhtp0HwaVbOzw="
  },
  {
    "type": "SET_OPERATION_SCHEMA",
    "input": {
      "id": "f9tWKVerji0KzC5u+RZmSqAx3M8=",
      "schema": "input AddDocumentTypeInput {\n    documentType: String\n}"
    },
    "index": 112,
    "timestamp": "2023-09-27T09:33:08.339Z",
    "hash": "KmtP2jAuEnSuwjmgEGE1DTsQ6jU="
  },
  {
    "type": "SET_OPERATION_SCHEMA",
    "input": {
      "id": "f9tWKVerji0KzC5u+RZmSqAx3M8=",
      "schema": "input AddDocumentTypeInput {\n    documentType: String!\n}"
    },
    "index": 113,
    "timestamp": "2023-09-27T09:33:08.666Z",
    "hash": "nHT3SoPWts+l8EMXXqAZEJUpHQk="
  },
  {
    "type": "ADD_OPERATION",
    "input": {
      "id": "zX5BVFh7qe57Zeajolho4C3Vq4A=",
      "moduleId": "Wb6Y2ILN08IHE97jWqFIly5sGZ4=",
      "name": "REMOVE_DOCUMENT_TYPE"
    },
    "index": 114,
    "timestamp": "2023-09-27T09:33:14.954Z",
    "hash": "sKUWGceHI6c0EKIr5+5SHMDSOcM="
  },
  {
    "type": "SET_OPERATION_SCHEMA",
    "input": {
      "id": "zX5BVFh7qe57Zeajolho4C3Vq4A=",
      "schema": "input RemoveDocumentTypeInput {\n    documentType: String!\n}"
    },
    "index": 115,
    "timestamp": "2023-09-27T09:33:19.187Z",
    "hash": "8ilUR44Gt6ti0Sx5vTKULba44jk="
  }
]