{
  "name": "",
  "documentType": "powerhouse/document-model",
  "revision": 0,
  "created": "2023-09-27T09:30:38.597Z",
  "lastModified": "2023-09-27T09:30:38.597Z",
  "attachments": {},
  "state": {
    "id": "",
    "name": "",
    "extension": "",
    "description": "",
    "author": {
      "name": "",
      "website": ""
    },
    "specifications": [
      {
        "version": 1,
        "changeLog": [],
        "state": {
          "schema": "",
          "initialValue": "",
          "examples": []
        },
        "modules": []
      }
    ]
  },
  "initialState": {
    "name": "",
    "documentType": "powerhouse/document-model",
    "revision": 0,
    "created": "2023-09-27T09:30:38.597Z",
    "lastModified": "2023-09-27T09:30:38.597Z",
    "attachments": {},
    "state": {
      "id": "",
      "name": "",
      "extension": "",
      "description": "",
      "author": {
        "name": "",
        "website": ""
      },
      "specifications": [
        {
          "version": 1,
          "changeLog": [],
          "state": {
            "schema": "",
            "initialValue": "",
            "examples": []
          },
          "modules": []
        }
      ]
    }
  },
  "operations": []
}