[
    {
        "type": "SET_MODEL_ID",
        "input": {
            "id": ""
        },
        "index": 0,
        "timestamp": "2023-10-27T13:17:31.264Z",
        "hash": "t+yLyzWlZIZwnFP60EAa4astA7E="
    },
    {
        "type": "SET_INITIAL_STATE",
        "input": {
            "initialValue": "{\"drives\":[]}"
        },
        "index": 1,
        "timestamp": "2023-10-27T13:18:41.336Z",
        "hash": "Tx49UBrV7LmJNUPfzrDnmvMOwao="
    },
    {
        "type": "ADD_MODULE",
        "input": {
            "id": "GRzuvv78tBvmB6ciitokLfonNHA=",
            "name": "Node"
        },
        "index": 2,
        "timestamp": "2023-10-27T13:19:02.107Z",
        "hash": "apzU8TPXrPifptTIJuBfeYFHQ4k="
    },
    {
        "type": "ADD_OPERATION",
        "input": {
            "id": "7xiTdxonc9yEASR8sfV/KnbSV10=",
            "moduleId": "GRzuvv78tBvmB6ciitokLfonNHA=",
            "name": "ADD_FILE"
        },
        "index": 3,
        "timestamp": "2023-10-27T13:19:15.304Z",
        "hash": "pscKnIYeEVJjIXbD6/yOxVzNTEQ="
    },
    {
        "type": "SET_OPERATION_SCHEMA",
        "input": {
            "id": "7xiTdxonc9yEASR8sfV/KnbSV10=",
            "schema": "input AddFileInput {\n    id: ID!\n    path: String!\n    name: String!\n    hash: String!\n    documentType: String!\n\t\tdocument: String!\n}"
        },
        "index": 4,
        "timestamp": "2023-10-27T13:19:22.900Z",
        "hash": "iPjonsJN+Lf6e3QTJFu53twe3Gc="
    },
    {
        "type": "SET_OPERATION_SCHEMA",
        "input": {
            "id": "7xiTdxonc9yEASR8sfV/KnbSV10=",
            "schema": "input AddFileInput {\n    id: ID!\n    path: String!\n    name: String!\n    hash: String!\n    documentType: String!\n\t\t!document: String!\n}"
        },
        "index": 5,
        "timestamp": "2023-10-27T13:19:25.637Z",
        "hash": "iy8eERNVBrvmvZZ5bNOPlPmOMGI="
    },
    {
        "type": "SET_OPERATION_SCHEMA",
        "input": {
            "id": "7xiTdxonc9yEASR8sfV/KnbSV10=",
            "schema": "input AddFileInput {\n    id: ID!\n    path: String!\n    name: String!\n    hash: String!\n    documentType: String!\n    !document: String!\n}"
        },
        "index": 6,
        "timestamp": "2023-10-27T13:19:26.117Z",
        "hash": "hnIwqEPMpm+YKZ/p48rTD3f8vaY="
    },
    {
        "type": "SET_OPERATION_SCHEMA",
        "input": {
            "id": "7xiTdxonc9yEASR8sfV/KnbSV10=",
            "schema": "input AddFileInput {\n    id: ID!\n    path: String!\n    name: String!\n    hash: String!\n    documentType: String!\n    document: String!\n}"
        },
        "index": 7,
        "timestamp": "2023-10-27T13:19:26.766Z",
        "hash": "cC4funSvlJQjkemYpswEAPo4k0w="
    },
    {
        "type": "ADD_OPERATION",
        "input": {
            "id": "4lzNMMKKdIAtEU6i12xLgi9hp+U=",
            "moduleId": "GRzuvv78tBvmB6ciitokLfonNHA=",
            "name": "ADD_FOLDER"
        },
        "index": 8,
        "timestamp": "2023-10-27T13:19:36.662Z",
        "hash": "yGnSUBKd8swYhSgp+4jpmPDa+CY="
    },
    {
        "type": "SET_OPERATION_SCHEMA",
        "input": {
            "id": "4lzNMMKKdIAtEU6i12xLgi9hp+U=",
            "schema": "input AddFolderInput {\n    id: ID!\n    path: String!\n    name: String!\n    hash: String!\n}"
        },
        "index": 9,
        "timestamp": "2023-10-27T13:19:43.674Z",
        "hash": "rE1rHEEqstk27+5FoNNiOXj22bs="
    },
    {
        "type": "ADD_OPERATION",
        "input": {
            "id": "53jH2/3TWTTcgCJiv2C+BmuC6i0=",
            "moduleId": "GRzuvv78tBvmB6ciitokLfonNHA=",
            "name": "DELETE_NODE"
        },
        "index": 10,
        "timestamp": "2023-10-27T13:19:59.324Z",
        "hash": "tGOfVL23jKHqV7IFUFgPEkJGeW8="
    },
    {
        "type": "SET_OPERATION_SCHEMA",
        "input": {
            "id": "53jH2/3TWTTcgCJiv2C+BmuC6i0=",
            "schema": "input DeleteNodeInput {\n    path: String!\n}"
        },
        "index": 11,
        "timestamp": "2023-10-27T13:20:05.253Z",
        "hash": "xCkg82UUg4TzC5x+1xc/sBYeQYo="
    },
    {
        "type": "ADD_OPERATION",
        "input": {
            "id": "pNn+Y1/HVq/GNMk7t0u3g3gtMLE=",
            "moduleId": "GRzuvv78tBvmB6ciitokLfonNHA=",
            "name": "UPDATE_FILE"
        },
        "index": 12,
        "timestamp": "2023-10-27T13:20:17.560Z",
        "hash": "ONDT/QEcDA1J1ltG7suDLcD2jhI="
    },
    {
        "type": "SET_OPERATION_SCHEMA",
        "input": {
            "id": "pNn+Y1/HVq/GNMk7t0u3g3gtMLE=",
            "schema": "input UpdateFileInput {\n    id: ID!\n\t\tpath: String\n    name: String\n    hash: String\n    documentType: String\n\t\tdocument: String\n}"
        },
        "index": 13,
        "timestamp": "2023-10-27T13:20:21.653Z",
        "hash": "5VmRNXXp/UUvETMTPdxGEFRebTY="
    },
    {
        "type": "SET_OPERATION_SCHEMA",
        "input": {
            "id": "pNn+Y1/HVq/GNMk7t0u3g3gtMLE=",
            "schema": "input UpdateFileInput {\n    id: ID!\n\t\tpath: String\n    name: String\n    hash: String\n    documentType: String\n    document: String\n}"
        },
        "index": 14,
        "timestamp": "2023-10-27T13:20:24.301Z",
        "hash": "XkKjEfnLte6wIJEbppiVfpgZSmY="
    },
    {
        "type": "SET_OPERATION_SCHEMA",
        "input": {
            "id": "pNn+Y1/HVq/GNMk7t0u3g3gtMLE=",
            "schema": "input UpdateFileInput {\n    id: ID!\n    path: String\n    name: String\n    hash: String\n    documentType: String\n    document: String\n}"
        },
        "index": 15,
        "timestamp": "2023-10-27T13:20:26.543Z",
        "hash": "43C/QN7GXlTO/oFaiKYP2xWfO9w="
    },
    {
        "type": "ADD_OPERATION",
        "input": {
            "id": "P0x1M8Mnt+Q/+9nggkwgVbfybsc=",
            "moduleId": "GRzuvv78tBvmB6ciitokLfonNHA=",
            "name": "UPDATE_NODE"
        },
        "index": 16,
        "timestamp": "2023-10-27T13:20:38.397Z",
        "hash": "WcbLzustDuPhfRYVIKszX8LJJU4="
    },
    {
        "type": "SET_OPERATION_SCHEMA",
        "input": {
            "id": "P0x1M8Mnt+Q/+9nggkwgVbfybsc=",
            "schema": "input UpdateNodeInput {\n    id: ID!\n\t\tpath: String\n    name: String\n    hash: String\n}"
        },
        "index": 17,
        "timestamp": "2023-10-27T13:20:41.063Z",
        "hash": "mKNSlwPgAtj19ykLioNfbnDGwpg="
    },
    {
        "type": "SET_OPERATION_SCHEMA",
        "input": {
            "id": "P0x1M8Mnt+Q/+9nggkwgVbfybsc=",
            "schema": "input UpdateNodeInput {\n    id: ID!\n    path: String\n    name: String\n    hash: String\n}"
        },
        "index": 18,
        "timestamp": "2023-10-27T13:20:42.154Z",
        "hash": "vuzV3GCvNWPrfH272J0j9OyQwOU="
    },
    {
        "type": "ADD_OPERATION",
        "input": {
            "id": "vnQ7OB5b3wGLgjhbgJqAIpA+JLE=",
            "moduleId": "GRzuvv78tBvmB6ciitokLfonNHA=",
            "name": "COPY_NODE"
        },
        "index": 19,
        "timestamp": "2023-10-27T13:20:51.451Z",
        "hash": "JDVHXpChMTlv+FS9Hs7ofNPfMXs="
    },
    {
        "type": "SET_OPERATION_SCHEMA",
        "input": {
            "id": "vnQ7OB5b3wGLgjhbgJqAIpA+JLE=",
            "schema": "input CopyNodeInput {\n    srcPath: String!\n\tdistPath: String!\n}"
        },
        "index": 20,
        "timestamp": "2023-10-27T13:20:52.938Z",
        "hash": "jimUj0fPJ3k1xEQwJXh5De7hSQc="
    },
    {
        "type": "SET_MODEL_NAME",
        "input": {
            "name": "Document Drive"
        },
        "index": 21,
        "timestamp": "2023-10-27T13:24:18.930Z",
        "hash": "VxxUzFCKIfvT3TikwiNnUasA/mg="
    },
    {
        "type": "SET_MODEL_ID",
        "input": {
            "id": "powerhouse/document-drive"
        },
        "index": 22,
        "timestamp": "2023-10-27T13:24:38.542Z",
        "hash": "Z1n/OYShEtucKA7srfJlZjZ3X6A="
    },
    {
        "type": "SET_MODEL_EXTENSION",
        "input": {
            "extension": "phdd"
        },
        "index": 23,
        "timestamp": "2023-10-27T13:24:52.637Z",
        "hash": "qydYeOyDIUHVjryG2Wypp9FL0Ow="
    },
    {
        "type": "SET_AUTHOR_NAME",
        "input": {
            "authorName": "Powerhouse Inc"
        },
        "index": 24,
        "timestamp": "2023-10-27T13:24:55.485Z",
        "hash": "rn6JLS50mpwWlg3926uVgxv+o2U="
    },
    {
        "type": "SET_AUTHOR_WEBSITE",
        "input": {
            "authorWebsite": "https://www.powerhouse.inc/"
        },
        "index": 25,
        "timestamp": "2023-10-27T13:25:06.249Z",
        "hash": "4xW86rrMDTQKwwuX5BpWoN3K42o="
    },
    {
        "type": "SET_OPERATION_SCHEMA",
        "input": {
            "id": "7xiTdxonc9yEASR8sfV/KnbSV10=",
            "schema": "input AddFileInput {\n    \n    id: ID!\n    path: String!\n    name: String!\n    hash: String!\n    documentType: String!\n    document: String!\n}"
        },
        "index": 26,
        "timestamp": "2023-10-27T13:27:46.768Z",
        "hash": "EIZznU9hkPPxL/XFzlR5a/7M8NA="
    },
    {
        "type": "SET_OPERATION_SCHEMA",
        "input": {
            "id": "7xiTdxonc9yEASR8sfV/KnbSV10=",
            "schema": "input AddFileInput {\n    d\n    id: ID!\n    path: String!\n    name: String!\n    hash: String!\n    documentType: String!\n    document: String!\n}"
        },
        "index": 27,
        "timestamp": "2023-10-27T13:27:47.345Z",
        "hash": "W9EK2g0CFc3YDSVwCAod6Wv7ps4="
    },
    {
        "type": "SET_OPERATION_SCHEMA",
        "input": {
            "id": "7xiTdxonc9yEASR8sfV/KnbSV10=",
            "schema": "input AddFileInput {\n    dr\n    id: ID!\n    path: String!\n    name: String!\n    hash: String!\n    documentType: String!\n    document: String!\n}"
        },
        "index": 28,
        "timestamp": "2023-10-27T13:27:47.487Z",
        "hash": "mJF9LBlD0xbqKxayxy/i2yQ1aww="
    },
    {
        "type": "SET_OPERATION_SCHEMA",
        "input": {
            "id": "7xiTdxonc9yEASR8sfV/KnbSV10=",
            "schema": "input AddFileInput {\n    dri\n    id: ID!\n    path: String!\n    name: String!\n    hash: String!\n    documentType: String!\n    document: String!\n}"
        },
        "index": 29,
        "timestamp": "2023-10-27T13:27:47.606Z",
        "hash": "PdJrOYJ+XNgcbl4qow4b56tXGlc="
    },
    {
        "type": "SET_OPERATION_SCHEMA",
        "input": {
            "id": "7xiTdxonc9yEASR8sfV/KnbSV10=",
            "schema": "input AddFileInput {\n    driv\n    id: ID!\n    path: String!\n    name: String!\n    hash: String!\n    documentType: String!\n    document: String!\n}"
        },
        "index": 30,
        "timestamp": "2023-10-27T13:27:47.703Z",
        "hash": "GoxHNmP+jXsx8vIF2ccTyg6SqXU="
    },
    {
        "type": "SET_OPERATION_SCHEMA",
        "input": {
            "id": "7xiTdxonc9yEASR8sfV/KnbSV10=",
            "schema": "input AddFileInput {\n    drive\n    id: ID!\n    path: String!\n    name: String!\n    hash: String!\n    documentType: String!\n    document: String!\n}"
        },
        "index": 31,
        "timestamp": "2023-10-27T13:27:47.832Z",
        "hash": "CBS3crtV5k/Cf84LbNfqaS9l2b4="
    },
    {
        "type": "SET_OPERATION_SCHEMA",
        "input": {
            "id": "7xiTdxonc9yEASR8sfV/KnbSV10=",
            "schema": "input AddFileInput {\n    drive:\n    id: ID!\n    path: String!\n    name: String!\n    hash: String!\n    documentType: String!\n    document: String!\n}"
        },
        "index": 32,
        "timestamp": "2023-10-27T13:27:48.134Z",
        "hash": "qndR+gqFoMf4RRb0TNvAwpCzpmc="
    },
    {
        "type": "SET_OPERATION_SCHEMA",
        "input": {
            "id": "7xiTdxonc9yEASR8sfV/KnbSV10=",
            "schema": "input AddFileInput {\n    drive: \n    id: ID!\n    path: String!\n    name: String!\n    hash: String!\n    documentType: String!\n    document: String!\n}"
        },
        "index": 33,
        "timestamp": "2023-10-27T13:27:48.661Z",
        "hash": "2OPmaA54Y283AJB57Bg0zYWQyVQ="
    },
    {
        "type": "SET_OPERATION_SCHEMA",
        "input": {
            "id": "7xiTdxonc9yEASR8sfV/KnbSV10=",
            "schema": "input AddFileInput {\n    drive: I\n    id: ID!\n    path: String!\n    name: String!\n    hash: String!\n    documentType: String!\n    document: String!\n}"
        },
        "index": 34,
        "timestamp": "2023-10-27T13:27:49.113Z",
        "hash": "9fLeHm/NLKbiAwGMu4mf++fsPRg="
    },
    {
        "type": "SET_OPERATION_SCHEMA",
        "input": {
            "id": "7xiTdxonc9yEASR8sfV/KnbSV10=",
            "schema": "input AddFileInput {\n    drive: ID\n    id: ID!\n    path: String!\n    name: String!\n    hash: String!\n    documentType: String!\n    document: String!\n}"
        },
        "index": 35,
        "timestamp": "2023-10-27T13:27:49.194Z",
        "hash": "LWIC96IRq1sQ8+nuMvWtZ3uUiHk="
    },
    {
        "type": "SET_OPERATION_SCHEMA",
        "input": {
            "id": "7xiTdxonc9yEASR8sfV/KnbSV10=",
            "schema": "input AddFileInput {\n    drive: ID!\n    id: ID!\n    path: String!\n    name: String!\n    hash: String!\n    documentType: String!\n    document: String!\n}"
        },
        "index": 36,
        "timestamp": "2023-10-27T13:27:49.507Z",
        "hash": "pToeQvyU6IsYtVoi0LdbetVbulo="
    },
    {
        "type": "SET_OPERATION_SCHEMA",
        "input": {
            "id": "4lzNMMKKdIAtEU6i12xLgi9hp+U=",
            "schema": "input AddFolderInput {\n    drive: ID!\n    id: ID!\n    path: String!\n    name: String!\n    hash: String!\n}"
        },
        "index": 37,
        "timestamp": "2023-10-27T13:27:56.905Z",
        "hash": "UHgGgdrzqktcNTOGyrhIeCsjwo0="
    },
    {
        "type": "SET_OPERATION_SCHEMA",
        "input": {
            "id": "53jH2/3TWTTcgCJiv2C+BmuC6i0=",
            "schema": "input DeleteNodeInput {\n    drive: ID!\n    path: String!\n}"
        },
        "index": 38,
        "timestamp": "2023-10-27T13:27:59.696Z",
        "hash": "bqi+DyM5lQpKfrZiUiij8RxVf/Y="
    },
    {
        "type": "SET_OPERATION_SCHEMA",
        "input": {
            "id": "pNn+Y1/HVq/GNMk7t0u3g3gtMLE=",
            "schema": "input UpdateFileInput {\n    drive: ID!\n    id: ID!\n    path: String\n    name: String\n    hash: String\n    documentType: String\n    document: String\n}"
        },
        "index": 39,
        "timestamp": "2023-10-27T13:28:03.257Z",
        "hash": "Jjs2WP/5CEaq7jJpMtlcnxQHHfQ="
    },
    {
        "type": "SET_OPERATION_SCHEMA",
        "input": {
            "id": "P0x1M8Mnt+Q/+9nggkwgVbfybsc=",
            "schema": "input UpdateNodeInput {\n    drive: ID!\n    id: ID!\n    path: String\n    name: String\n    hash: String\n}"
        },
        "index": 40,
        "timestamp": "2023-10-27T13:28:05.673Z",
        "hash": "fjAmfvFFmQ6qOpBOmTPAyofvPbo="
    },
    {
        "type": "SET_OPERATION_SCHEMA",
        "input": {
            "id": "vnQ7OB5b3wGLgjhbgJqAIpA+JLE=",
            "schema": "input CopyNodeInput {\n    drive: ID!\n    srcPath: String!\n\tdistPath: String!\n}"
        },
        "index": 41,
        "timestamp": "2023-10-27T13:28:08.429Z",
        "hash": "GSAVM3ID6Aru8fa+bQ6gL5Z0tFg="
    },
    {
        "type": "ADD_MODULE",
        "input": {
            "id": "0DpPd+j7aFZfP+exb+bK29vMfxI=",
            "name": "Drive"
        },
        "index": 42,
        "timestamp": "2023-10-27T13:28:28.472Z",
        "hash": "GRpgtWQCwsadlgFKLzMQ4m9RfM8="
    },
    {
        "type": "ADD_OPERATION",
        "input": {
            "id": "giiVXy0ChoED+JaAngU2+JFcsRA=",
            "moduleId": "0DpPd+j7aFZfP+exb+bK29vMfxI=",
            "name": "ADD_DRIVE"
        },
        "index": 43,
        "timestamp": "2023-10-27T13:28:33.558Z",
        "hash": "JSP8ZwwRln+RY0cVZcEj1g+/r8U="
    },
    {
        "type": "SET_OPERATION_SCHEMA",
        "input": {
            "id": "giiVXy0ChoED+JaAngU2+JFcsRA=",
            "schema": "input AddDriveInput {\n    id: ID!\n    name: String!\n    hash: String!\n    nodes: [Node!]!\n}"
        },
        "index": 44,
        "timestamp": "2023-10-27T13:30:21.150Z",
        "hash": "hLUV7GrdJROO+YnxyQcWMACUxDw="
    },
    {
        "type": "ADD_OPERATION",
        "input": {
            "id": "KxJDdNtLSjCfHl9mh/cnPCdPbIQ=",
            "moduleId": "0DpPd+j7aFZfP+exb+bK29vMfxI=",
            "name": "UPDATE_DRIVE"
        },
        "index": 45,
        "timestamp": "2023-10-27T13:30:27.385Z",
        "hash": "l0fs99o9mCPPsp6Q4QzPWMQ7uNE="
    },
    {
        "type": "SET_OPERATION_SCHEMA",
        "input": {
            "id": "KxJDdNtLSjCfHl9mh/cnPCdPbIQ=",
            "schema": "input UpdateDriveInput {\n    id: ID!\n    name: String\n    hash: String\n    nodes: [Node!]\n}"
        },
        "index": 46,
        "timestamp": "2023-10-27T13:30:34.782Z",
        "hash": "+8HvTywkr67IUujl3GCdl2g3bFU="
    },
    {
        "type": "ADD_OPERATION",
        "input": {
            "id": "SPyR3AdggaUQU+j2ccOeAt9AnMA=",
            "moduleId": "0DpPd+j7aFZfP+exb+bK29vMfxI=",
            "name": "DELETE_DRIVE"
        },
        "index": 47,
        "timestamp": "2023-10-27T13:30:39.365Z",
        "hash": "sLGrQmDqiQ6roZgjiww23WxTpzw="
    },
    {
        "type": "SET_OPERATION_SCHEMA",
        "input": {
            "id": "SPyR3AdggaUQU+j2ccOeAt9AnMA=",
            "schema": "input DeleteDriveInput {\n    id: ID!\n}"
        },
        "index": 48,
        "timestamp": "2023-10-27T13:30:45.957Z",
        "hash": "S8A9a+50dzALibYrhgJbCRO2xMM="
    },
    {
        "type": "SET_MODEL_NAME",
        "input": {
            "name": "DocumentDrive"
        },
        "index": 49,
        "timestamp": "2023-09-27T09:30:43.435Z",
        "hash": "7yE7Smb2neixMBzVpCr1dzupFeE="
    },
    {
        "type": "SET_STATE_SCHEMA",
        "input": {
            "schema": "interface Node {\n    id: ID!\n    path: String!\n    name: String!\n    hash: String!\n}\n\ntype FolderNode implements Node {\n    kind: String!\n}\n\ntype FileNode implements Node {\n    kind: String!\n    documentType: String!\n    document: String!\n}\n\ntype Drive {\n    id: ID!\n    name: String!\n    hash: String!\n    nodes: [Node!]!\n}\n\ntype DocumentDriveState {\n\tdrives: [Drive!]!\n}"
        },
        "index": 50,
        "timestamp": "2023-09-27T09:31:43.435Z",
        "hash": "oTHeFvQnQ1h9J3K++Bab4pkHxC0="
    }
]
